 End  of  Period,Loan  Number,Region,Country  Code,Country,Borrower,Guarantor  Country  Code,Guarantor,Loan  Type,Loan  Status,Interest  Rate,Currency  of  Commitment,Project  ID,Project  Name  ,Original  Principal  Amount,Cancelled  Amount,Undisbursed  Amount,Disbursed  Amount,Repaid  to  IBRD,Due  to  IBRD,Exchange  Adjustment,Borrower's  Obligation,Sold  3rd  Party,Repaid  3rd  Party,Due  3rd  Party,Loans  Held,First  Repayment  Date,Last  Repayment  Date,Agreement  Signing  Date,Board  Approval  Date,Effective  Date  (Most  Recent),Closed  Date  (Most  Recent),Last  Disbursement  Date 
 2011-04-30T00:00:00.000,IBRD00010,EUROPE  AND  CENTRAL  ASIA,FR,France,CREDIT  NATIONAL,FR,France,NON  POOL,Repaid,4.25,,P037383,RECONSTRUCTION,250000000,0,0,250000000,38000,0,0,0,249962000,249962000,0,0,1952-11-01T00:00:00.000,1977-05-01T00:00:00.000,1947-05-09T00:00:00.000,1947-05-09T00:00:00.000,1947-06-09T00:00:00.000,1947-12-31T00:00:00.000, 
 2011-05-31T00:00:00.000,IBRD00010,EUROPE  AND  CENTRAL  ASIA,FR,France,CREDIT  NATIONAL,FR,France,NON  POOL,Repaid,4.25,,P037383,RECONSTRUCTION,250000000,0,0,250000000,38000,0,0,0,249962000,249962000,0,0,1952-11-01T00:00:00.000,1977-05-01T00:00:00.000,1947-05-09T00:00:00.000,1947-05-09T00:00:00.000,1947-06-09T00:00:00.000,1947-12-31T00:00:00.000, 
 2011-06-30T00:00:00.000,IBRD00010,EUROPE  AND  CENTRAL  ASIA,FR,France,CREDIT  NATIONAL,FR,France,NON  POOL,Repaid,4.25,,P037383,RECONSTRUCTION,250000000,0,0,250000000,38000,0,0,0,249962000,249962000,0,0,1952-11-01T00:00:00.000,1977-05-01T00:00:00.000,1947-05-09T00:00:00.000,1947-05-09T00:00:00.000,1947-06-09T00:00:00.000,1947-12-31T00:00:00.000, 
 2011-07-31T00:00:00.000,IBRD00010,EUROPE  AND  CENTRAL  ASIA,FR,France,CREDIT  NATIONAL,FR,France,NON  POOL,Repaid,4.25,,P037383,RECONSTRUCTION,250000000,0,0,250000000,38000,0,0,0,249962000,249962000,0,0,1952-11-01T00:00:00.000,1977-05-01T00:00:00.000,1947-05-09T00:00:00.000,1947-05-09T00:00:00.000,1947-06-09T00:00:00.000,1947-12-31T00:00:00.000, 
 2011-08-31T00:00:00.000,IBRD00010,EUROPE  AND  CENTRAL  ASIA,FR,France,CREDIT  NATIONAL,FR,France,NON  POOL,Repaid,4.25,,P037383,RECONSTRUCTION,250000000,0,0,250000000,38000,0,0,0,249962000,249962000,0,0,1952-11-01T00:00:00.000,1977-05-01T00:00:00.000,1947-05-09T00:00:00.000,1947-05-09T00:00:00.000,1947-06-09T00:00:00.000,1947-12-31T00:00:00.000, 
 2011-09-30T00:00:00.000,IBRD00010,EUROPE  AND  CENTRAL  ASIA,FR,France,CREDIT  NATIONAL,FR,France,NON  POOL,Repaid,4.25,,P037383,RECONSTRUCTION,250000000,0,0,250000000,38000,0,0,0,249962000,249962000,0,0,1952-11-01T00:00:00.000,1977-05-01T00:00:00.000,1947-05-09T00:00:00.000,1947-05-09T00:00:00.000,1947-06-09T00:00:00.000,1947-12-31T00:00:00.000, 
 2011-10-31T00:00:00.000,IBRD00010,EUROPE  AND  CENTRAL  ASIA,FR,France,CREDIT  NATIONAL,FR,France,NON  POOL,Repaid,4.25,,P037383,RECONSTRUCTION,250000000,0,0,250000000,38000,0,0,0,249962000,249962000,0,0,1952-11-01T00:00:00.000,1977-05-01T00:00:00.000,1947-05-09T00:00:00.000,1947-05-09T00:00:00.000,1947-06-09T00:00:00.000,1947-12-31T00:00:00.000, 
 2011-11-30T00:00:00.000,IBRD00010,EUROPE  AND  CENTRAL  ASIA,FR,France,CREDIT  NATIONAL,FR,France,NON  POOL,Repaid,4.25,,P037383,RECONSTRUCTION,250000000,0,0,250000000,38000,0,0,0,249962000,249962000,0,0,1952-11-01T00:00:00.000,1977-05-01T00:00:00.000,1947-05-09T00:00:00.000,1947-05-09T00:00:00.000,1947-06-09T00:00:00.000,1947-12-31T00:00:00.000, 
 2011-12-31T00:00:00.000,IBRD00010,EUROPE  AND  CENTRAL  ASIA,FR,France,CREDIT  NATIONAL,FR,France,NON  POOL,Repaid,4.25,,P037383,RECONSTRUCTION,250000000,0,0,250000000,38000,0,0,0,249962000,249962000,0,0,1952-11-01T00:00:00.000,1977-05-01T00:00:00.000,1947-05-09T00:00:00.000,1947-05-09T00:00:00.000,1947-06-09T00:00:00.000,1947-12-31T00:00:00.000, 
 2012-01-31T00:00:00.000,IBRD00010,EUROPE  AND  CENTRAL  ASIA,FR,France,CREDIT  NATIONAL,FR,France,NON  POOL,Repaid,4.25,,P037383,RECONSTRUCTION,250000000,0,0,250000000,38000,0,0,0,249962000,249962000,0,0,1952-11-01T00:00:00.000,1977-05-01T00:00:00.000,1947-05-09T00:00:00.000,1947-05-09T00:00:00.000,1947-06-09T00:00:00.000,1947-12-31T00:00:00.000, 
 2012-02-29T00:00:00.000,IBRD00010,EUROPE  AND  CENTRAL  ASIA,FR,France,CREDIT  NATIONAL,FR,France,NON  POOL,Repaid,4.25,,P037383,RECONSTRUCTION,250000000,0,0,250000000,38000,0,0,0,249962000,249962000,0,0,1952-11-01T00:00:00.000,1977-05-01T00:00:00.000,1947-05-09T00:00:00.000,1947-05-09T00:00:00.000,1947-06-09T00:00:00.000,1947-12-31T00:00:00.000, 
 2012-03-31T00:00:00.000,IBRD00010,EUROPE  AND  CENTRAL  ASIA,FR,France,CREDIT  NATIONAL,FR,France,NON  POOL,Repaid,4.25,,P037383,RECONSTRUCTION,250000000,0,0,250000000,38000,0,0,0,249962000,249962000,0,0,1952-11-01T00:00:00.000,1977-05-01T00:00:00.000,1947-05-09T00:00:00.000,1947-05-09T00:00:00.000,1947-06-09T00:00:00.000,1947-12-31T00:00:00.000, 
 2012-04-30T00:00:00.000,IBRD00010,EUROPE  AND  CENTRAL  ASIA,FR,France,CREDIT  NATIONAL,FR,France,NON  POOL,Repaid,4.25,,P037383,RECONSTRUCTION,250000000,0,0,250000000,38000,0,0,0,249962000,249962000,0,0,1952-11-01T00:00:00.000,1977-05-01T00:00:00.000,1947-05-09T00:00:00.000,1947-05-09T00:00:00.000,1947-06-09T00:00:00.000,1947-12-31T00:00:00.000, 
 2012-05-31T00:00:00.000,IBRD00010,EUROPE  AND  CENTRAL  ASIA,FR,France,CREDIT  NATIONAL,FR,France,NON  POOL,Repaid,4.25,,P037383,RECONSTRUCTION,250000000,0,0,250000000,38000,0,0,0,249962000,249962000,0,0,1952-11-01T00:00:00.000,1977-05-01T00:00:00.000,1947-05-09T00:00:00.000,1947-05-09T00:00:00.000,1947-06-09T00:00:00.000,1947-12-31T00:00:00.000, 
 2012-06-30T00:00:00.000,IBRD00010,EUROPE  AND  CENTRAL  ASIA,FR,France,CREDIT  NATIONAL,FR,France,NON  POOL,Repaid,4.25,,P037383,RECONSTRUCTION,250000000,0,0,250000000,38000,0,0,0,249962000,249962000,0,0,1952-11-01T00:00:00.000,1977-05-01T00:00:00.000,1947-05-09T00:00:00.000,1947-05-09T00:00:00.000,1947-06-09T00:00:00.000,1947-12-31T00:00:00.000, 
 2012-07-31T00:00:00.000,IBRD00010,EUROPE  AND  CENTRAL  ASIA,FR,France,CREDIT  NATIONAL,FR,France,NON  POOL,Repaid,4.25,,P037383,RECONSTRUCTION,250000000,0,0,250000000,38000,0,0,0,249962000,249962000,0,0,1952-11-01T00:00:00.000,1977-05-01T00:00:00.000,1947-05-09T00:00:00.000,1947-05-09T00:00:00.000,1947-06-09T00:00:00.000,1947-12-31T00:00:00.000, 
 2012-08-31T00:00:00.000,IBRD00010,EUROPE  AND  CENTRAL  ASIA,FR,France,CREDIT  NATIONAL,FR,France,NON  POOL,Repaid,4.25,,P037383,RECONSTRUCTION,250000000,0,0,250000000,38000,0,0,0,249962000,249962000,0,0,1952-11-01T00:00:00.000,1977-05-01T00:00:00.000,1947-05-09T00:00:00.000,1947-05-09T00:00:00.000,1947-06-09T00:00:00.000,1947-12-31T00:00:00.000, 
 2012-09-30T00:00:00.000,IBRD00010,EUROPE  AND  CENTRAL  ASIA,FR,France,CREDIT  NATIONAL,FR,France,NON  POOL,Repaid,4.25,,P037383,RECONSTRUCTION,250000000,0,0,250000000,38000,0,0,0,249962000,249962000,0,0,1952-11-01T00:00:00.000,1977-05-01T00:00:00.000,1947-05-09T00:00:00.000,1947-05-09T00:00:00.000,1947-06-09T00:00:00.000,1947-12-31T00:00:00.000, 
 2012-10-31T00:00:00.000,IBRD00010,EUROPE  AND  CENTRAL  ASIA,FR,France,CREDIT  NATIONAL,FR,France,NON  POOL,Repaid,4.25,,P037383,RECONSTRUCTION,250000000,0,0,250000000,38000,0,0,0,249962000,249962000,0,0,1952-11-01T00:00:00.000,1977-05-01T00:00:00.000,1947-05-09T00:00:00.000,1947-05-09T00:00:00.000,1947-06-09T00:00:00.000,1947-12-31T00:00:00.000, 
 2012-11-30T00:00:00.000,IBRD00010,EUROPE  AND  CENTRAL  ASIA,FR,France,CREDIT  NATIONAL,FR,France,NON  POOL,Repaid,4.25,,P037383,RECONSTRUCTION,250000000,0,0,250000000,38000,0,0,0,249962000,249962000,0,0,1952-11-01T00:00:00.000,1977-05-01T00:00:00.000,1947-05-09T00:00:00.000,1947-05-09T00:00:00.000,1947-06-09T00:00:00.000,1947-12-31T00:00:00.000, 
 2012-12-31T00:00:00.000,IBRD00010,EUROPE  AND  CENTRAL  ASIA,FR,France,CREDIT  NATIONAL,FR,France,NON  POOL,Repaid,4.25,,P037383,RECONSTRUCTION,250000000,0,0,250000000,38000,0,0,0,249962000,249962000,0,0,1952-11-01T00:00:00.000,1977-05-01T00:00:00.000,1947-05-09T00:00:00.000,1947-05-09T00:00:00.000,1947-06-09T00:00:00.000,1947-12-31T00:00:00.000, 
 2013-01-31T00:00:00.000,IBRD00010,EUROPE  AND  CENTRAL  ASIA,FR,France,CREDIT  NATIONAL,FR,France,NON  POOL,Repaid,4.25,,P037383,RECONSTRUCTION,250000000,0,0,250000000,38000,0,0,0,249962000,249962000,0,0,1952-11-01T00:00:00.000,1977-05-01T00:00:00.000,1947-05-09T00:00:00.000,1947-05-09T00:00:00.000,1947-06-09T00:00:00.000,1947-12-31T00:00:00.000, 
 2013-02-28T00:00:00.000,IBRD00010,EUROPE  AND  CENTRAL  ASIA,FR,France,CREDIT  NATIONAL,FR,France,NON  POOL,Repaid,4.25,,P037383,RECONSTRUCTION,250000000,0,0,250000000,38000,0,0,0,249962000,249962000,0,0,1952-11-01T00:00:00.000,1977-05-01T00:00:00.000,1947-05-09T00:00:00.000,1947-05-09T00:00:00.000,1947-06-09T00:00:00.000,1947-12-31T00:00:00.000, 
 2013-03-31T00:00:00.000,IBRD00010,EUROPE  AND  CENTRAL  ASIA,FR,France,CREDIT  NATIONAL,FR,France,NON  POOL,Repaid,4.25,,P037383,RECONSTRUCTION,250000000,0,0,250000000,38000,0,0,0,249962000,249962000,0,0,1952-11-01T00:00:00.000,1977-05-01T00:00:00.000,1947-05-09T00:00:00.000,1947-05-09T00:00:00.000,1947-06-09T00:00:00.000,1947-12-31T00:00:00.000, 
 2013-04-30T00:00:00.000,IBRD00010,EUROPE  AND  CENTRAL  ASIA,FR,France,CREDIT  NATIONAL,FR,France,NON  POOL,Repaid,4.25,,P037383,RECONSTRUCTION,250000000,0,0,250000000,38000,0,0,0,249962000,249962000,0,0,1952-11-01T00:00:00.000,1977-05-01T00:00:00.000,1947-05-09T00:00:00.000,1947-05-09T00:00:00.000,1947-06-09T00:00:00.000,1947-12-31T00:00:00.000, 
 2013-05-31T00:00:00.000,IBRD00010,EUROPE  AND  CENTRAL  ASIA,FR,France,CREDIT  NATIONAL,FR,France,NON  POOL,Repaid,4.25,,P037383,RECONSTRUCTION,250000000,0,0,250000000,38000,0,0,0,249962000,249962000,0,0,1952-11-01T00:00:00.000,1977-05-01T00:00:00.000,1947-05-09T00:00:00.000,1947-05-09T00:00:00.000,1947-06-09T00:00:00.000,1947-12-31T00:00:00.000, 
 2013-06-30T00:00:00.000,IBRD00010,EUROPE  AND  CENTRAL  ASIA,FR,France,CREDIT  NATIONAL,FR,France,NON  POOL,Repaid,4.25,,P037383,RECONSTRUCTION,250000000,0,0,250000000,38000,0,0,0,249962000,249962000,0,0,1952-11-01T00:00:00.000,1977-05-01T00:00:00.000,1947-05-09T00:00:00.000,1947-05-09T00:00:00.000,1947-06-09T00:00:00.000,1947-12-31T00:00:00.000, 
 2013-07-31T00:00:00.000,IBRD00010,EUROPE  AND  CENTRAL  ASIA,FR,France,CREDIT  NATIONAL,FR,France,NON  POOL,Repaid,4.25,,P037383,RECONSTRUCTION,250000000,0,0,250000000,38000,0,0,0,249962000,249962000,0,0,1952-11-01T00:00:00.000,1977-05-01T00:00:00.000,1947-05-09T00:00:00.000,1947-05-09T00:00:00.000,1947-06-09T00:00:00.000,1947-12-31T00:00:00.000, 
 2013-08-31T00:00:00.000,IBRD00010,EUROPE  AND  CENTRAL  ASIA,FR,France,CREDIT  NATIONAL,FR,,NON  POOL,Repaid,4.25,,P037383,RECONSTRUCTION,250000000,0,0,250000000,38000,0,0,0,249962000,249962000,0,0,1952-11-01T00:00:00.000,1977-05-01T00:00:00.000,1947-05-09T00:00:00.000,1947-05-09T00:00:00.000,1947-06-09T00:00:00.000,1947-12-31T00:00:00.000, 
 2013-09-30T00:00:00.000,IBRD00010,EUROPE  AND  CENTRAL  ASIA,FR,France,CREDIT  NATIONAL,FR,,NON  POOL,Repaid,4.25,,P037383,RECONSTRUCTION,250000000,0,0,250000000,38000,0,0,0,249962000,249962000,0,0,1952-11-01T00:00:00.000,1977-05-01T00:00:00.000,1947-05-09T00:00:00.000,1947-05-09T00:00:00.000,1947-06-09T00:00:00.000,1947-12-31T00:00:00.000, 
 2013-10-31T00:00:00.000,IBRD00010,EUROPE  AND  CENTRAL  ASIA,FR,France,CREDIT  NATIONAL,FR,,NON  POOL,Repaid,4.25,,P037383,RECONSTRUCTION,250000000,0,0,250000000,38000,0,0,0,249962000,249962000,0,0,1952-11-01T00:00:00.000,1977-05-01T00:00:00.000,1947-05-09T00:00:00.000,1947-05-09T00:00:00.000,1947-06-09T00:00:00.000,1947-12-31T00:00:00.000, 
 2013-11-30T00:00:00.000,IBRD00010,EUROPE  AND  CENTRAL  ASIA,FR,France,CREDIT  NATIONAL,FR,France,NON  POOL,Repaid,4.25,,P037383,RECONSTRUCTION,250000000,0,0,250000000,38000,0,0,0,249962000,249962000,0,0,1952-11-01T00:00:00.000,1977-05-01T00:00:00.000,1947-05-09T00:00:00.000,1947-05-09T00:00:00.000,1947-06-09T00:00:00.000,1947-12-31T00:00:00.000, 
 2013-12-31T00:00:00.000,IBRD00010,EUROPE  AND  CENTRAL  ASIA,FR,France,CREDIT  NATIONAL,FR,France,NON  POOL,Repaid,4,,P037383,RECONSTRUCTION,250000000,0,0,250000000,38000,0,0,0,249962000,249962000,0,0,1952-11-01T00:00:00.000,1977-05-01T00:00:00.000,1947-05-09T00:00:00.000,1947-05-09T00:00:00.000,1947-06-09T00:00:00.000,1947-12-31T00:00:00.000, 
 2014-01-31T00:00:00.000,IBRD00010,Europe  and  Central  Asia,FR,France,CREDIT  NATIONAL,FR,France,NON  POOL,Repaid,4.25,,P037383,RECONSTRUCTION,250000000,0,0,250000000,38000,0,0,0,249962000,249962000,0,0,1952-11-01T00:00:00.000,1977-05-01T00:00:00.000,1947-05-09T00:00:00.000,1947-05-09T00:00:00.000,1947-06-09T00:00:00.000,1947-12-31T00:00:00.000, 
 2014-02-28T00:00:00.000,IBRD00010,Europe  and  Central  Asia,FR,France,CREDIT  NATIONAL,FR,France,NON  POOL,Repaid,4.25,,P037383,RECONSTRUCTION,250000000,0,0,250000000,38000,0,0,0,249962000,249962000,0,0,1952-11-01T00:00:00.000,1977-05-01T00:00:00.000,1947-05-09T00:00:00.000,1947-05-09T00:00:00.000,1947-06-09T00:00:00.000,1947-12-31T00:00:00.000, 
 2014-03-31T00:00:00.000,IBRD00010,Europe  and  Central  Asia,FR,France,CREDIT  NATIONAL,FR,France,NON  POOL,Repaid,4.25,,P037383,RECONSTRUCTION,250000000,0,0,250000000,38000,0,0,0,249962000,249962000,0,0,1952-11-01T00:00:00.000,1977-05-01T00:00:00.000,1947-05-09T00:00:00.000,1947-05-09T00:00:00.000,1947-06-09T00:00:00.000,1947-12-31T00:00:00.000, 
 2014-04-30T00:00:00.000,IBRD00010,Europe  and  Central  Asia,FR,France,CREDIT  NATIONAL,FR,France,NON  POOL,Repaid,4,,P037383,RECONSTRUCTION,250000000,0,0,250000000,38000,0,0,0,249962000,249962000,0,0,1952-11-01T00:00:00.000,1977-05-01T00:00:00.000,1947-05-09T00:00:00.000,1947-05-09T00:00:00.000,1947-06-09T00:00:00.000,1947-12-31T00:00:00.000, 
 2014-05-31T00:00:00.000,IBRD00010,Europe  and  Central  Asia,FR,France,CREDIT  NATIONAL,FR,France,NON  POOL,Repaid,4.25,,P037383,RECONSTRUCTION,250000000,0,0,250000000,38000,0,0,0,249962000,249962000,0,0,1952-11-01T00:00:00.000,1977-05-01T00:00:00.000,1947-05-09T00:00:00.000,1947-05-09T00:00:00.000,1947-06-09T00:00:00.000,1947-12-31T00:00:00.000, 
 2014-06-30T00:00:00.000,IBRD00010,Europe  and  Central  Asia,FR,France,CREDIT  NATIONAL,FR,France,NON  POOL,Repaid,4.25,,P037383,RECONSTRUCTION,250000000,0,0,250000000,38000,0,0,0,249962000,249962000,0,0,1952-11-01T00:00:00.000,1977-05-01T00:00:00.000,1947-05-09T00:00:00.000,1947-05-09T00:00:00.000,1947-06-09T00:00:00.000,1947-12-31T00:00:00.000, 
 2014-07-31T00:00:00.000,IBRD00010,Europe  and  Central  Asia,FR,France,CREDIT  NATIONAL,FR,France,NON  POOL,Repaid,4.25,,P037383,RECONSTRUCTION,250000000,0,0,250000000,38000,0,0,0,249962000,249962000,0,0,1952-11-01T00:00:00.000,1977-05-01T00:00:00.000,1947-05-09T00:00:00.000,1947-05-09T00:00:00.000,1947-06-09T00:00:00.000,1947-12-31T00:00:00.000, 
 2014-08-31T00:00:00.000,IBRD00010,Europe  and  Central  Asia,FR,France,CREDIT  NATIONAL,FR,France,NON  POOL,Repaid,4.25,,P037383,RECONSTRUCTION,250000000,0,0,250000000,38000,0,0,0,249962000,249962000,0,0,1952-11-01T00:00:00.000,1977-05-01T00:00:00.000,1947-05-09T00:00:00.000,1947-05-09T00:00:00.000,1947-06-09T00:00:00.000,1947-12-31T00:00:00.000, 
 2014-09-30T00:00:00.000,IBRD00010,Europe  and  Central  Asia,FR,France,CREDIT  NATIONAL,FR,France,NON  POOL,Repaid,4.25,,P037383,RECONSTRUCTION,250000000,0,0,250000000,38000,0,0,0,249962000,249962000,0,0,1952-11-01T00:00:00.000,1977-05-01T00:00:00.000,1947-05-09T00:00:00.000,1947-05-09T00:00:00.000,1947-06-09T00:00:00.000,1947-12-31T00:00:00.000, 
 2014-10-31T00:00:00.000,IBRD00010,Europe  and  Central  Asia,FR,France,CREDIT  NATIONAL,FR,France,NON  POOL,Repaid,4.25,,P037383,RECONSTRUCTION,250000000,0,0,250000000,38000,0,0,0,249962000,249962000,0,0,1952-11-01T00:00:00.000,1977-05-01T00:00:00.000,1947-05-09T00:00:00.000,1947-05-09T00:00:00.000,1947-06-09T00:00:00.000,1947-12-31T00:00:00.000, 
 2014-11-30T00:00:00.000,IBRD00010,Europe  and  Central  Asia,FR,France,CREDIT  NATIONAL,FR,France,NON  POOL,Repaid,4.25,,P037383,RECONSTRUCTION,250000000,0,0,250000000,38000,0,0,0,249962000,249962000,0,0,1952-11-01T00:00:00.000,1977-05-01T00:00:00.000,1947-05-09T00:00:00.000,1947-05-09T00:00:00.000,1947-06-09T00:00:00.000,1947-12-31T00:00:00.000, 
 2015-01-31T00:00:00.000,IBRD00010,Europe  and  Central  Asia,FR,France,CREDIT  NATIONAL,FR,France,NON  POOL,Repaid,4.25,,P037383,RECONSTRUCTION,250000000,0,0,250000000,38000,0,0,0,249962000,249962000,0,0,1952-11-01T00:00:00.000,1977-05-01T00:00:00.000,1947-05-09T00:00:00.000,1947-05-09T00:00:00.000,1947-06-09T00:00:00.000,1947-12-31T00:00:00.000, 
 2015-02-28T00:00:00.000,IBRD00010,Europe  and  Central  Asia,FR,France,CREDIT  NATIONAL,FR,France,NON  POOL,Repaid,4.25,,P037383,RECONSTRUCTION,250000000,0,0,250000000,38000,0,0,0,249962000,249962000,0,0,1952-11-01T00:00:00.000,1977-05-01T00:00:00.000,1947-05-09T00:00:00.000,1947-05-09T00:00:00.000,1947-06-09T00:00:00.000,1947-12-31T00:00:00.000, 
 2015-03-31T00:00:00.000,IBRD00010,Europe  and  Central  Asia,FR,France,CREDIT  NATIONAL,FR,France,NON  POOL,Repaid,4.25,,P037383,RECONSTRUCTION,250000000,0,0,250000000,38000,0,0,0,249962000,249962000,0,0,1952-11-01T00:00:00.000,1977-05-01T00:00:00.000,1947-05-09T00:00:00.000,1947-05-09T00:00:00.000,1947-06-09T00:00:00.000,1947-12-31T00:00:00.000, 
 2015-04-30T00:00:00.000,IBRD00010,Europe  and  Central  Asia,FR,France,CREDIT  NATIONAL,FR,France,NON  POOL,Repaid,4,,P037383,RECONSTRUCTION,250000000,0,0,250000000,38000,0,0,0,249962000,249962000,0,0,1952-11-01T00:00:00.000,1977-05-01T00:00:00.000,1947-05-09T00:00:00.000,1947-05-09T00:00:00.000,1947-06-09T00:00:00.000,1947-12-31T00:00:00.000, 
 2015-05-31T00:00:00.000,IBRD00010,Europe  and  Central  Asia,FR,France,CREDIT  NATIONAL,,France,NON  POOL,Repaid,4.25,,P037383,RECONSTRUCTION,250000000,0,0,250000000,38000,0,0,0,249962000,249962000,0,0,1952-11-01T00:00:00.000,1977-05-01T00:00:00.000,1947-05-09T00:00:00.000,1947-05-09T00:00:00.000,1947-06-09T00:00:00.000,1947-12-31T00:00:00.000, 
 2015-06-30T00:00:00.000,IBRD00010,Europe  and  Central  Asia,FR,France,CREDIT  NATIONAL,FR,France,NON  POOL,Repaid,4.25,,P037383,RECONSTRUCTION,250000000,0,0,250000000,38000,0,0,0,249962000,249962000,0,0,1952-11-01T00:00:00.000,1977-05-01T00:00:00.000,1947-05-09T00:00:00.000,1947-05-09T00:00:00.000,1947-06-09T00:00:00.000,1947-12-31T00:00:00.000, 
 2015-08-31T00:00:00.000,IBRD00010,Europe  and  Central  Asia,FR,France,CREDIT  NATIONAL,FR,France,NON  POOL,Repaid,4.25,,P037383,RECONSTRUCTION,250000000,0,0,250000000,38000,0,0,0,249962000,249962000,0,0,1952-11-01T00:00:00.000,1977-05-01T00:00:00.000,1947-05-09T00:00:00.000,1947-05-09T00:00:00.000,1947-06-09T00:00:00.000,1947-12-31T00:00:00.000, 
 2015-09-30T00:00:00.000,IBRD00010,Europe  and  Central  Asia,FR,France,CREDIT  NATIONAL,FR,France,NON  POOL,Repaid,4.25,,P037383,RECONSTRUCTION,250000000,0,0,250000000,38000,0,0,0,249962000,249962000,0,0,1952-11-01T00:00:00.000,1977-05-01T00:00:00.000,1947-05-09T00:00:00.000,1947-05-09T00:00:00.000,1947-06-09T00:00:00.000,1947-12-31T00:00:00.000, 
 2015-10-31T00:00:00.000,IBRD00010,Europe  and  Central  Asia,FR,France,CREDIT  NATIONAL,FR,France,NON  POOL,Repaid,4.25,,P037383,RECONSTRUCTION,250000000,0,0,250000000,38000,0,0,0,249962000,249962000,0,0,1952-11-01T00:00:00.000,1977-05-01T00:00:00.000,1947-05-09T00:00:00.000,1947-05-09T00:00:00.000,1947-06-09T00:00:00.000,1947-12-31T00:00:00.000, 
 2015-11-30T00:00:00.000,IBRD00010,Europe  and  Central  Asia,FR,France,CREDIT  NATIONAL,FR,France,NON  POOL,Repaid,4.25,,P037383,RECONSTRUCTION,250000000,0,0,250000000,38000,0,0,0,249962000,249962000,0,0,1952-11-01T00:00:00.000,1977-05-01T00:00:00.000,1947-05-09T00:00:00.000,1947-05-09T00:00:00.000,1947-06-09T00:00:00.000,1947-12-31T00:00:00.000, 
 2015-12-31T00:00:00.000,IBRD00010,Europe  and  Central  Asia,FR,France,CREDIT  NATIONAL,FR,France,NON  POOL,Repaid,4.25,,P037383,RECONSTRUCTION,250000000,0,0,250000000,38000,0,0,0,249962000,249962000,0,0,1952-11-01T00:00:00.000,1977-05-01T00:00:00.000,1947-05-09T00:00:00.000,1947-05-09T00:00:00.000,1947-06-09T00:00:00.000,1947-12-31T00:00:00.000, 
 2016-01-31T00:00:00.000,IBRD00010,Europe  and  Central  Asia,FR,France,CREDIT  NATIONAL,FR,France,NON  POOL,Repaid,4.25,,P037383,RECONSTRUCTION,250000000,0,0,250000000,38000,0,0,0,249962000,249962000,0,0,1952-11-01T00:00:00.000,1977-05-01T00:00:00.000,1947-05-09T00:00:00.000,1947-05-09T00:00:00.000,1947-06-09T00:00:00.000,1947-12-31T00:00:00.000, 
 2016-02-29T00:00:00.000,IBRD00010,Europe  and  Central  Asia,FR,France,CREDIT  NATIONAL,FR,France,NON  POOL,Repaid,4.25,,P037383,RECONSTRUCTION,250000000,0,0,250000000,38000,0,0,0,249962000,249962000,0,0,1952-11-01T00:00:00.000,1977-05-01T00:00:00.000,1947-05-09T00:00:00.000,1947-05-09T00:00:00.000,1947-06-09T00:00:00.000,1947-12-31T00:00:00.000, 
 2016-03-31T00:00:00.000,IBRD00010,Europe  and  Central  Asia,FR,France,CREDIT  NATIONAL,FR,France,NON  POOL,  Repaid  ,4.25,,P037383,RECONSTRUCTION,250000000,0,0,250000000,38000,0,0,0,249962000,249962000,0,0,1952-11-01T00:00:00.000,1977-05-01T00:00:00.000,1947-05-09T00:00:00.000,1947-05-09T00:00:00.000,1947-06-09T00:00:00.000,1947-12-31T00:00:00.000, 
 2016-04-30T00:00:00.000,IBRD00010,Europe  and  Central  Asia,FR,France,CREDIT  NATIONAL,FR,France,NON  POOL,  Repaid  ,4.25,,P037383,RECONSTRUCTION,250000000,0,0,250000000,38000,0,0,0,249962000,249962000,0,0,1952-11-01T00:00:00.000,1977-05-01T00:00:00.000,1947-05-09T00:00:00.000,1947-05-09T00:00:00.000,1947-06-09T00:00:00.000,1947-12-31T00:00:00.000, 
 2016-05-31T00:00:00.000,IBRD00010,Europe  and  Central  Asia,FR,France,CREDIT  NATIONAL,FR,France,NON  POOL,Repaid,4.25,,P037383,RECONSTRUCTION,250000000,0,0,250000000,38000,0,0,0,249962000,249962000,0,0,1952-11-01T00:00:00.000,1977-05-01T00:00:00.000,1947-05-09T00:00:00.000,1947-05-09T00:00:00.000,1947-06-09T00:00:00.000,1947-12-31T00:00:00.000, 
 2016-06-30T00:00:00.000,IBRD00010,Europe  and  Central  Asia,FR,France,CREDIT  NATIONAL,FR,France,NON  POOL,Repaid,4.25,,P037383,RECONSTRUCTION,250000000,0,0,250000000,38000,0,0,0,249962000,249962000,0,0,1952-11-01T00:00:00.000,1977-05-01T00:00:00.000,1947-05-09T00:00:00.000,1947-05-09T00:00:00.000,1947-06-09T00:00:00.000,1947-12-31T00:00:00.000, 
 2016-07-31T00:00:00.000,IBRD00010,Europe  and  Central  Asia,FR,France,CREDIT  NATIONAL,FR,France,NON  POOL,Repaid,4.25,,P037383,RECONSTRUCTION,250000000,0,0,250000000,38000,0,0,0,249962000,249962000,0,0,1952-11-01T00:00:00.000,1977-05-01T00:00:00.000,1947-05-09T00:00:00.000,1947-05-09T00:00:00.000,1947-06-09T00:00:00.000,1947-12-31T00:00:00.000, 
 2016-08-31T00:00:00.000,IBRD00010,Europe  and  Central  Asia,FR,France,CREDIT  NATIONAL,FR,France,NON  POOL,Repaid,4.25,,P037383,RECONSTRUCTION,250000000,0,0,250000000,38000,0,0,0,249962000,249962000,0,0,1952-11-01T00:00:00.000,1977-05-01T00:00:00.000,1947-05-09T00:00:00.000,1947-05-09T00:00:00.000,1947-06-09T00:00:00.000,1947-12-31T00:00:00.000, 
 2016-09-30T00:00:00.000,IBRD00010,Europe  and  Central  Asia,FR,France,CREDIT  NATIONAL,FR,France,NON  POOL,Repaid,4.25,,P037383,RECONSTRUCTION,250000000,0,0,250000000,38000,0,0,0,249962000,249962000,0,0,1952-11-01T00:00:00.000,1977-05-01T00:00:00.000,1947-05-09T00:00:00.000,1947-05-09T00:00:00.000,1947-06-09T00:00:00.000,1947-12-31T00:00:00.000, 
 2016-10-31T00:00:00.000,IBRD00010,EUROPE  AND  CENTRAL  ASIA,FR,France,CREDIT  NATIONAL,FR,France,NON  POOL,Fully  Repaid,4.25,,P037383,RECONSTRUCTION,250000000,0,0,250000000,38000,0,0,0,249962000,249962000,0,0,1952-11-01T00:00:00.000,1977-05-01T00:00:00.000,1947-05-09T00:00:00.000,1947-05-09T00:00:00.000,1947-06-09T00:00:00.000,1947-12-31T00:00:00.000, 
 2016-11-30T00:00:00.000,IBRD00010,EUROPE  AND  CENTRAL  ASIA,FR,France,CREDIT  NATIONAL,FR,France,NON  POOL,Fully  Repaid,4.25,,P037383,RECONSTRUCTION,250000000,0,0,250000000,38000,0,0,0,249962000,249962000,0,0,1952-11-01T00:00:00.000,1977-05-01T00:00:00.000,1947-05-09T00:00:00.000,1947-05-09T00:00:00.000,1947-06-09T00:00:00.000,1947-12-31T00:00:00.000, 
 2016-12-31T00:00:00.000,IBRD00010,EUROPE  AND  CENTRAL  ASIA,FR,France,CREDIT  NATIONAL,FR,France,NON  POOL,Fully  Repaid,4.25,,P037383,RECONSTRUCTION,250000000,0,0,250000000,38000,0,0,0,249962000,249962000,0,0,1952-11-01T00:00:00.000,1977-05-01T00:00:00.000,1947-05-09T00:00:00.000,1947-05-09T00:00:00.000,1947-06-09T00:00:00.000,1947-12-31T00:00:00.000, 
 2017-01-31T00:00:00.000,IBRD00010,EUROPE  AND  CENTRAL  ASIA,FR,France,CREDIT  NATIONAL,FR,France,NON  POOL,Fully  Repaid,4.25,,P037383,RECONSTRUCTION,250000000,0,0,250000000,38000,0,0,0,249962000,249962000,0,0,1952-11-01T00:00:00.000,1977-05-01T00:00:00.000,1947-05-09T00:00:00.000,1947-05-09T00:00:00.000,1947-06-09T00:00:00.000,1947-12-31T00:00:00.000, 
 2017-02-28T00:00:00.000,IBRD00010,EUROPE  AND  CENTRAL  ASIA,FR,France,CREDIT  NATIONAL,FR,France,NON  POOL,Fully  Repaid,4.25,,P037383,RECONSTRUCTION,250000000,0,0,250000000,38000,0,0,0,249962000,249962000,0,0,1952-11-01T00:00:00.000,1977-05-01T00:00:00.000,1947-05-09T00:00:00.000,1947-05-09T00:00:00.000,1947-06-09T00:00:00.000,1947-12-31T00:00:00.000, 
 2017-03-31T00:00:00.000,IBRD00010,EUROPE  AND  CENTRAL  ASIA,FR,France,CREDIT  NATIONAL,FR,France,NON  POOL,Fully  Repaid,4.25,,P037383,RECONSTRUCTION,250000000,0,0,250000000,38000,0,0,0,249962000,249962000,0,0,1952-11-01T00:00:00.000,1977-05-01T00:00:00.000,1947-05-09T00:00:00.000,1947-05-09T00:00:00.000,1947-06-09T00:00:00.000,1947-12-31T00:00:00.000, 
 2017-04-30T00:00:00.000,IBRD00010,EUROPE  AND  CENTRAL  ASIA,FR,France,CREDIT  NATIONAL,FR,France,NON  POOL,Fully  Repaid,4.25,,P037383,RECONSTRUCTION,250000000,0,0,250000000,38000,0,0,0,249962000,249962000,0,0,1952-11-01T00:00:00.000,1977-05-01T00:00:00.000,1947-05-09T00:00:00.000,1947-05-09T00:00:00.000,1947-06-09T00:00:00.000,1947-12-31T00:00:00.000, 
 2017-05-31T00:00:00.000,IBRD00010,EUROPE  AND  CENTRAL  ASIA,FR,France,CREDIT  NATIONAL,FR,France,NON  POOL,Fully  Repaid,4.25,,P037383,,250000000,0,0,250000000,38000,0,0,0,249962000,249962000,0,0,1952-11-01T00:00:00.000,1977-05-01T00:00:00.000,1947-05-09T00:00:00.000,1947-05-09T00:00:00.000,1947-06-09T00:00:00.000,1947-12-31T00:00:00.000, 
 2017-05-31T00:00:00.000,IBRD00010,EUROPE  AND  CENTRAL  ASIA,FR,France,CREDIT  NATIONAL,FR,France,NON  POOL,Fully  Repaid,4.25,,P037383,,250000000,0,0,250000000,38000,0,0,0,249962000,249962000,0,0,1952-11-01T00:00:00.000,1977-05-01T00:00:00.000,1947-05-09T00:00:00.000,1947-05-09T00:00:00.000,1947-06-09T00:00:00.000,1947-12-31T00:00:00.000, 
 2017-06-30T00:00:00.000,IBRD00010,EUROPE  AND  CENTRAL  ASIA,FR,France,CREDIT  NATIONAL,FR,France,NON  POOL,Fully  Repaid,4.25,,P037383,RECONSTRUCTION,250000000,0,0,250000000,38000,0,0,0,249962000,249962000,0,0,1952-11-01T00:00:00.000,1977-05-01T00:00:00.000,1947-05-09T00:00:00.000,1947-05-09T00:00:00.000,1947-06-09T00:00:00.000,1947-12-31T00:00:00.000, 
 2017-07-31T00:00:00.000,IBRD00010,EUROPE  AND  CENTRAL  ASIA,FR,France,CREDIT  NATIONAL,FR,France,NON  POOL,Fully  Repaid,4.25,,P037383,,250000000,0,0,250000000,38000,0,0,0,249962000,249962000,0,0,1952-11-01T00:00:00.000,1977-05-01T00:00:00.000,1947-05-09T00:00:00.000,1947-05-09T00:00:00.000,1947-06-09T00:00:00.000,1947-12-31T00:00:00.000, 
 2017-08-31T00:00:00.000,IBRD00010,EUROPE  AND  CENTRAL  ASIA,FR,France,CREDIT  NATIONAL,FR,France,NON  POOL,Fully  Repaid,4.25,,P037383,,250000000,0,0,250000000,38000,0,0,0,249962000,249962000,0,0,1952-11-01T00:00:00.000,1977-05-01T00:00:00.000,1947-05-09T00:00:00.000,1947-05-09T00:00:00.000,1947-06-09T00:00:00.000,1947-12-31T00:00:00.000, 
 2017-09-30T00:00:00.000,IBRD00010,EUROPE  AND  CENTRAL  ASIA,FR,France,CREDIT  NATIONAL,FR,France,NON  POOL,Fully  Repaid,4.25,,P037383,,250000000,0,0,250000000,38000,0,0,0,249962000,249962000,0,0,1952-11-01T00:00:00.000,1977-05-01T00:00:00.000,1947-05-09T00:00:00.000,1947-05-09T00:00:00.000,1947-06-09T00:00:00.000,1947-12-31T00:00:00.000, 
 2017-10-31T00:00:00.000,IBRD00010,EUROPE  AND  CENTRAL  ASIA,FR,France,CREDIT  NATIONAL,FR,France,NON  POOL,Fully  Repaid,4.25,,P037383,,250000000,0,0,250000000,38000,0,0,0,249962000,249962000,0,0,1952-11-01T00:00:00.000,1977-05-01T00:00:00.000,1947-05-09T00:00:00.000,1947-05-09T00:00:00.000,1947-06-09T00:00:00.000,1947-12-31T00:00:00.000, 
 2017-11-30T00:00:00.000,IBRD00010,EUROPE  AND  CENTRAL  ASIA,FR,France,CREDIT  NATIONAL,FR,,NON  POOL,Fully  Repaid,,,P037383,,250000000,0,0,250000000,38000,0,0,0,249962000,249962000,0,0,1952-11-01T00:00:00.000,1977-05-01T00:00:00.000,1947-05-09T00:00:00.000,1947-05-09T00:00:00.000,1947-06-09T00:00:00.000,1947-12-31T00:00:00.000, 
 2017-12-31T00:00:00.000,IBRD00010,EUROPE  AND  CENTRAL  ASIA,FR,France,CREDIT  NATIONAL,FR,France,NON  POOL,Fully  Repaid,4.25,,P037383,,250000000,0,0,250000000,38000,0,0,0,249962000,249962000,0,0,1952-11-01T00:00:00.000,1977-05-01T00:00:00.000,1947-05-09T00:00:00.000,1947-05-09T00:00:00.000,1947-06-09T00:00:00.000,1947-12-31T00:00:00.000, 
 2018-01-31T00:00:00.000,IBRD00010,EUROPE  AND  CENTRAL  ASIA,FR,France,CREDIT  NATIONAL,FR,France,NON  POOL,Fully  Repaid,4.25,,P037383,,250000000,0,0,250000000,38000,0,0,0,249962000,249962000,0,0,1952-11-01T00:00:00.000,1977-05-01T00:00:00.000,1947-05-09T00:00:00.000,1947-05-09T00:00:00.000,1947-06-09T00:00:00.000,1947-12-31T00:00:00.000, 
 2018-02-28T00:00:00.000,IBRD00010,EUROPE  AND  CENTRAL  ASIA,FR,France,CREDIT  NATIONAL,FR,France,NON  POOL,Fully  Repaid,4.25,,P037383,,250000000,0,0,250000000,38000,0,0,0,249962000,249962000,0,0,1952-11-01T00:00:00.000,1977-05-01T00:00:00.000,1947-05-09T00:00:00.000,1947-05-09T00:00:00.000,1947-06-09T00:00:00.000,1947-12-31T00:00:00.000, 
 2018-03-31T00:00:00.000,IBRD00010,EUROPE  AND  CENTRAL  ASIA,FR,France,CREDIT  NATIONAL,FR,France,NON  POOL,Fully  Repaid,4.25,,P037383,,250000000,0,0,250000000,38000,0,0,0,249962000,249962000,0,0,1952-11-01T00:00:00.000,1977-05-01T00:00:00.000,1947-05-09T00:00:00.000,1947-05-09T00:00:00.000,1947-06-09T00:00:00.000,1947-12-31T00:00:00.000, 
 2018-04-30T00:00:00.000,IBRD00010,EUROPE  AND  CENTRAL  ASIA,FR,France,CREDIT  NATIONAL,FR,France,NON  POOL,Fully  Repaid,4.25,,P037383,,250000000,0,0,250000000,38000,0,0,0,249962000,249962000,0,0,1952-11-01T00:00:00.000,1977-05-01T00:00:00.000,1947-05-09T00:00:00.000,1947-05-09T00:00:00.000,1947-06-09T00:00:00.000,1947-12-31T00:00:00.000, 
 2018-05-31T00:00:00.000,IBRD00010,EUROPE  AND  CENTRAL  ASIA,FR,France,CREDIT  NATIONAL,FR,France,NON  POOL,Fully  Repaid,4.25,,P037383,,250000000,0,0,250000000,38000,0,0,0,249962000,249962000,0,0,1952-11-01T00:00:00.000,1977-05-01T00:00:00.000,1947-05-09T00:00:00.000,1947-05-09T00:00:00.000,1947-06-09T00:00:00.000,1947-12-31T00:00:00.000, 
 2018-06-30T00:00:00.000,IBRD00010,EUROPE  AND  CENTRAL  ASIA,FR,France,CREDIT  NATIONAL,FR,France,NON  POOL,Fully  Repaid,4.25,,P037383,,250000000,0,0,250000000,38000,0,0,0,249962000,249962000,0,0,1952-11-01T00:00:00.000,1977-05-01T00:00:00.000,1947-05-09T00:00:00.000,1947-05-09T00:00:00.000,1947-06-09T00:00:00.000,1947-12-31T00:00:00.000, 
 2018-07-31T00:00:00.000,IBRD00010,EUROPE  AND  CENTRAL  ASIA,FR,France,CREDIT  NATIONAL,FR,France,NON  POOL,Fully  Repaid,4.25,,P037383,,250000000,0,0,250000000,38000,0,0,0,249962000,249962000,0,0,1952-11-01T00:00:00.000,1977-05-01T00:00:00.000,1947-05-09T00:00:00.000,1947-05-09T00:00:00.000,1947-06-09T00:00:00.000,1947-12-31T00:00:00.000, 
 2018-08-31T00:00:00.000,IBRD00010,EUROPE  AND  CENTRAL  ASIA,FR,France,CREDIT  NATIONAL,FR,France,NON  POOL,Fully  Repaid,4.25,,P037383,,250000000,0,0,250000000,38000,0,0,0,249962000,249962000,0,0,1952-11-01T00:00:00.000,1977-05-01T00:00:00.000,1947-05-09T00:00:00.000,1947-05-09T00:00:00.000,1947-06-09T00:00:00.000,1947-12-31T00:00:00.000, 
 2018-08-31T00:00:00.000,IBRD00010,EUROPE  AND  CENTRAL  ASIA,FR,France,CREDIT  NATIONAL,FR,France,NON  POOL,Fully  Repaid,4.25,,P037383,,250000000,0,0,250000000,38000,0,0,0,249962000,249962000,0,0,1952-11-01T00:00:00.000,1977-05-01T00:00:00.000,1947-05-09T00:00:00.000,1947-05-09T00:00:00.000,1947-06-09T00:00:00.000,1947-12-31T00:00:00.000, 
 2018-09-30T00:00:00.000,IBRD00010,EUROPE  AND  CENTRAL  ASIA,FR,France,CREDIT  NATIONAL,FR,France,NON  POOL,Fully  Repaid,4.25,,P037383,,250000000,0,0,250000000,38000,0,0,0,249962000,249962000,0,0,1952-11-01T00:00:00.000,1977-05-01T00:00:00.000,1947-05-09T00:00:00.000,1947-05-09T00:00:00.000,1947-06-09T00:00:00.000,1947-12-31T00:00:00.000, 
 2018-10-31T00:00:00.000,IBRD00010,EUROPE  AND  CENTRAL  ASIA,FR,France,CREDIT  NATIONAL,FR,France,NON  POOL,Fully  Repaid,4.25,,P037383,,250000000,0,0,250000000,38000,0,0,0,249962000,249962000,0,0,1952-11-01T00:00:00.000,1977-05-01T00:00:00.000,1947-05-09T00:00:00.000,1947-05-09T00:00:00.000,1947-06-09T00:00:00.000,1947-12-31T00:00:00.000, 
 2018-11-30T00:00:00.000,IBRD00010,EUROPE  AND  CENTRAL  ASIA,FR,France,CREDIT  NATIONAL,FR,France,NON  POOL,Fully  Repaid,4.25,,P037383,,250000000,0,0,250000000,38000,0,0,0,249962000,249962000,0,0,1952-11-01T00:00:00.000,1977-05-01T00:00:00.000,1947-05-09T00:00:00.000,1947-05-09T00:00:00.000,1947-06-09T00:00:00.000,1947-12-31T00:00:00.000, 
 2019-01-31T00:00:00.000,IBRD00010,EUROPE  AND  CENTRAL  ASIA,FR,France,CREDIT  NATIONAL,FR,France,NON  POOL,Fully  Repaid,4.25,,P037383,,250000000,0,0,250000000,38000,0,0,0,249962000,249962000,0,0,1952-11-01T00:00:00.000,1977-05-01T00:00:00.000,1947-05-09T00:00:00.000,1947-05-09T00:00:00.000,1947-06-09T00:00:00.000,1947-12-31T00:00:00.000, 
 2019-02-28T00:00:00.000,IBRD00010,EUROPE  AND  CENTRAL  ASIA,FR,France,CREDIT  NATIONAL,FR,France,NPL,Fully  Repaid,4.25,,P037383,RECONSTRUCTION,250000000,0,0,250000000,38000,0,0,0,249962000,249962000,0,0,1952-11-01T00:00:00.000,1977-05-01T00:00:00.000,1947-05-09T00:00:00.000,1947-05-09T00:00:00.000,1947-06-09T00:00:00.000,1947-12-31T00:00:00.000, 
 2019-03-31T00:00:00.000,IBRD00010,EUROPE  AND  CENTRAL  ASIA,FR,France,CREDIT  NATIONAL,FR,France,NPL,Fully  Repaid,4.25,,P037383,RECONSTRUCTION,250000000,0,0,250000000,38000,0,0,0,249962000,249962000,0,0,1952-11-01T00:00:00.000,1977-05-01T00:00:00.000,1947-05-09T00:00:00.000,1947-05-09T00:00:00.000,1947-06-09T00:00:00.000,1947-12-31T00:00:00.000, 
 2019-04-30T00:00:00.000,IBRD00010,EUROPE  AND  CENTRAL  ASIA,FR,France,CREDIT  NATIONAL,FR,France,NPL,Fully  Repaid,4.25,,P037383,RECONSTRUCTION,250000000,0,0,250000000,38000,0,0,0,249962000,249962000,0,0,1952-11-01T00:00:00.000,1977-05-01T00:00:00.000,1947-05-09T00:00:00.000,1947-05-09T00:00:00.000,1947-06-09T00:00:00.000,1947-12-31T00:00:00.000, 
 2019-05-31T00:00:00.000,IBRD00010,EUROPE  AND  CENTRAL  ASIA,FR,France,CREDIT  NATIONAL,FR,France,NPL,Fully  Repaid,4.25,,P037383,RECONSTRUCTION,250000000,0,0,250000000,38000,0,0,0,249962000,249962000,0,0,1952-11-01T00:00:00.000,1977-05-01T00:00:00.000,1947-05-09T00:00:00.000,1947-05-09T00:00:00.000,1947-06-09T00:00:00.000,1947-12-31T00:00:00.000, 
 2019-06-30T00:00:00.000,IBRD00010,EUROPE  AND  CENTRAL  ASIA,FR,France,CREDIT  NATIONAL,FR,France,NPL,Fully  Repaid,4.25,,P037383,RECONSTRUCTION,250000000,0,0,250000000,38000,0,0,0,249962000,249962000,0,0,1952-11-01T00:00:00.000,1977-05-01T00:00:00.000,1947-05-09T00:00:00.000,1947-05-09T00:00:00.000,1947-06-09T00:00:00.000,1947-12-31T00:00:00.000, 
 2019-07-31T00:00:00.000,IBRD00010,EUROPE  AND  CENTRAL  ASIA,FR,France,CREDIT  NATIONAL,FR,France,NPL,Fully  Repaid,4.25,,P037383,RECONSTRUCTION,250000000,0,0,250000000,38000,0,0,0,249962000,249962000,0,0,1952-11-01T00:00:00.000,1977-05-01T00:00:00.000,1947-05-09T00:00:00.000,1947-05-09T00:00:00.000,1947-06-09T00:00:00.000,1947-12-31T00:00:00.000, 
